bus,Vmag_pu,angle_deg
1,1.04,0.0
2,1.025,9.280007844331607
3,1.025,4.664753366577338
4,1.0257884099373213,-2.216787476265874
5,0.9956308922495555,-3.9888044417935227
6,1.0126543462410735,-3.6873954891995804
7,1.025769396591166,3.7197035539113634
8,1.0158826062268087,0.7275379733750137
9,1.0323529628484016,1.9667181112643548
