bus,Vmag_pu,angle_deg
1,1.04,0.0
2,1.025,9.280007844331605
3,1.025,4.664753366577338
4,1.0257884099373213,-2.2167874762658744
5,0.9956308922495554,-3.9888044417935236
6,1.0126543462410735,-3.687395489199582
7,1.025769396591166,3.719703553911362
8,1.0158826062268087,0.7275379733750124
9,1.0323529628484016,1.9667181112643548
