iter,max_mismatch_pu,v_min,v_max
1,1.63,1.0,1.04
2,0.1875159128618728,1.0084451673125847,1.04
3,0.0021471480879069918,0.9958020140790975,1.04
4,3.421320835419599e-07,0.9956308922495555,1.04
